,Postal Code,Latitude,Longitude
0,200001,1.30758230206089,103.858967398343
1,200002,1.30784341105938,103.859173060169
2,200008,1.30720611783037,103.860733875195
3,200025,1.30621516435429,103.858221510521
4,200026,1.30616360895626,103.857776695846
5,200027,1.30660046872975,103.857799738556
6,200028,1.30581076021463,103.857479607569
7,200029,1.30573440556914,103.857121480845
8,200030,1.30547181939625,103.856879434972
9,200031,1.3064574513829,103.856956505543
10,200036,1.30508839504413,103.855751483909
11,200037,1.3040399053476,103.855405825035
12,200632,1.30606601392047,103.854501603493
13,200633,1.30570669675965,103.854943251549
14,200634,1.30606039060551,103.855108751218
15,200635,1.30658850181781,103.855218716278
16,200636,1.30630673276789,103.855387281341
17,200637,1.30702756018287,103.855527541511
18,200638,1.30723342621978,103.85534583569
19,200639,1.30775082189872,103.855203622089
20,200640,1.30743547948389,103.854713903431
21,200641,1.30815916680636,103.855147802763
22,200642,1.30778051437061,103.856495249944
23,200801,1.30736241836646,103.860472435164
24,200802,1.30764582367725,103.860269172676
25,200803,1.30811749102335,103.861188606169
26,200804,1.30787507917062,103.860792024681
27,200805,1.30827255462741,103.860900682485
28,200806,1.3085305123877,103.861142754284
29,200807,1.30928836905115,103.861442474883
30,200808,1.30878216502928,103.861378522287
31,200809,1.30832700516352,103.862005870884
32,200811,1.30775370097876,103.86129187084
33,200813,1.3072976722983,103.86211057095
34,200814,1.30722080332497,103.861809980961
35,200815,1.30693030778708,103.861714899755
36,200816,1.30695273729599,103.861244368296
37,200817,1.3067382078485,103.860900611081
38,200818,1.30692032916315,103.859896092831
39,200819,1.30663521701305,103.859256955575
40,201007,1.30780319764386,103.860068429449
41,201028,1.30616311195768,103.857456699458
42,201036,1.30513734348219,103.856613480247
43,201037,1.30412254752698,103.855590233296
44,201818,1.30704412982603,103.8594280368
45,202036,1.30498387514952,103.856162889545
46,202037,1.30396723232869,103.855148035327
47,203036,1.30541667895553,103.855894665125
48,203037,1.30448630285477,103.855302427376
49,207218,1.3072198606128,103.863508256942
50,207223,1.31062308421057,103.857087879797
51,207224,1.31034077629306,103.857232400901
52,207225,1.31007777132439,103.857532917161
53,207226,1.31070432799794,103.858031303686
54,207227,1.31091084906392,103.85778559505
55,207228,1.31047825271324,103.857844402473
56,207229,1.31110535846664,103.857479860813
57,207274,1.3100432960085,103.855902832975
58,207275,1.30968727440751,103.856129552846
59,207276,1.30973612074262,103.85615298426
60,207277,1.30978548539903,103.85619043695
61,207278,1.30983023263552,103.856237886765
62,207279,1.31000653903143,103.856393590996
63,207280,1.31008576064582,103.856451042108
64,207282,1.31017884584022,103.856497461601
65,207305,1.30754470402275,103.852892643539
66,207306,1.30753871778214,103.852959109703
67,207307,1.30752562640319,103.853006586709
68,207308,1.30751365951146,103.853054934307
69,207309,1.30782185298182,103.853089988772
70,207310,1.30782185298182,103.853089988772
71,207311,1.30782185298182,103.853089988772
72,207312,1.30749940914134,103.853102916083
73,207313,1.30782823522902,103.853138428173
74,207314,1.30749037665998,103.853151902838
75,207315,1.30781798164069,103.853185341951
76,207316,1.30747989696231,103.853199534343
77,207317,1.30780896640774,103.853233710791
78,207318,1.30746929572895,103.853246832408
79,207319,1.30778963938964,103.853280827116
80,207320,1.30746051180001,103.853295104964
81,207321,1.30779015940263,103.853324961149
82,207322,1.30744490997201,103.853347288427
83,207323,1.30778150937096,103.853367829623
84,207324,1.30743605808159,103.853404733245
85,207325,1.30777066482014,103.853410857727
86,207326,1.30742430629333,103.853458405785
87,207327,1.30741266700204,103.853512836312
88,207328,1.30740198524989,103.853564501433
89,207329,1.30738987683322,103.853612139721
90,207330,1.30737862082134,103.853659623262
91,207331,1.30771046604558,103.853710965321
92,207332,1.30736708478466,103.853706507103
93,207333,1.30769639846266,103.853798910431
94,207334,1.30735733512016,103.853754391815
95,207335,1.30768463393396,103.853869622853
96,207336,1.30734396287856,103.853801575897
97,207337,1.30767354734366,103.853918823634
98,207338,1.30736472890235,103.853856761407
99,207339,1.30766428847524,103.85396707171
100,207340,1.30765952630768,103.854037405602
101,207341,1.30724690682036,103.8543206466
102,207342,1.30721447916237,103.854371795601
103,207343,1.30718171782582,103.854422593754
104,207344,1.3071489827676,103.854473274414
105,207345,1.3071166443504,103.854523604775
106,207346,1.30708350005623,103.854574658575
107,207347,1.30705010665882,103.854626324036
108,207348,1.30701738282,103.854676953288
109,207349,1.30698203582701,103.854724112967
110,207350,1.30777829647201,103.853481601584
111,207372,1.30536578514188,103.854840697511
112,207373,1.30539240658124,103.854798651679
113,207374,1.30542108018372,103.85475802855
114,207375,1.30544905604327,103.85471705049
115,207376,1.30547781039626,103.854676356374
116,207377,1.30550618562858,103.854635647568
117,207378,1.30553374048337,103.854594843292
118,207379,1.30556271628233,103.854554390687
119,207380,1.30560608401991,103.854527918924
120,207381,1.30561940187133,103.854472540088
121,207382,1.30564754470828,103.854430980547
122,207383,1.30567697078968,103.854391196449
123,207384,1.30570419305375,103.854350540389
124,207385,1.30573250176395,103.854309804922
125,207386,1.30579558555823,103.854230466299
126,207388,1.30591505676489,103.854044232232
127,207391,1.30597626745222,103.853958112501
128,207392,1.30600476639906,103.853917548641
129,207393,1.30603253310494,103.853877551836
130,207394,1.3060596491471,103.853837536802
131,207395,1.30608897776674,103.853798180502
132,207396,1.30611590084348,103.853756014982
133,207398,1.30614571565495,103.853711346797
134,207401,1.30625599090056,103.853609673631
135,207402,1.30625135743196,103.853574795346
136,207403,1.3062448204137,103.853541174101
137,207404,1.30624334500267,103.853506127219
138,207405,1.30623572155476,103.853470344604
139,207406,1.30623061950151,103.853429488641
140,207407,1.30622432235867,103.853384993682
141,207408,1.30621809748282,103.853340215873
142,207409,1.30620133348751,103.85327693871
143,207411,1.30652249567911,103.853370970442
144,207412,1.30653008176286,103.853457876481
145,207413,1.30654756702237,103.853557121975
146,207433,1.30760495845335,103.855473093928
147,207434,1.30765994698039,103.855508829933
148,207435,1.30770714016877,103.855541311451
149,207436,1.30775253028565,103.855572908772
150,207437,1.30780076667562,103.855604698132
151,207438,1.30786547930921,103.855607659121
152,207439,1.30789835253887,103.855658616954
153,207440,1.30794830020701,103.855701449768
154,207460,1.30664097279732,103.852281854263
155,207461,1.3064120597083,103.852145955417
156,207462,1.3064120597083,103.852145955145
157,207463,1.30662578855957,103.852317443065
158,207464,1.306390205057,103.852193552825
159,207465,1.30661630890198,103.852354901447
160,207466,1.30637211894281,103.852233709103
161,207467,1.30659973573854,103.852390961838
162,207468,1.30635259141414,103.852265433417
163,207469,1.30658658147422,103.852430297071
164,207470,1.30633639902677,103.852299884549
165,207471,1.30660046291307,103.852480019396
166,207472,1.30635176327248,103.852350563678
167,207473,1.30658906494703,103.852515578853
168,207474,1.30632549099965,103.852413229937
169,207475,1.30654984238871,103.852539443295
170,207476,1.30653799879647,103.852573459305
171,207477,1.30627581025548,103.852429931914
172,207478,1.30651480159634,103.852605586654
173,207479,1.30626248390194,103.852457598992
174,207480,1.30650027078322,103.852637470925
175,207481,1.3062507016967,103.852482533579
176,207482,1.30649954149655,103.852680853195
177,207483,1.30624002098049,103.852509051595
178,207484,1.30639302572147,103.85271407568
179,207485,1.30622580773793,103.85253585597
180,207486,1.306380461114,103.85274812867
181,207487,1.30621384787365,103.852561514272
182,207488,1.30636763864754,103.85278244683
183,207489,1.30620109254258,103.852586980555
184,207490,1.30635130638533,103.852815644438
185,207491,1.3061881488803,103.852612796049
186,207492,1.30633583829615,103.852849033792
187,207493,1.30617614356834,103.85263939075
188,207494,1.30632221213771,103.852884709086
189,207495,1.30616395568119,103.852665340603
190,207496,1.30630329605186,103.852925155545
191,207497,1.30615091539392,103.852690697823
192,207498,1.30613617301039,103.852719206098
193,207499,1.30611997925076,103.852753322426
194,207500,1.30609712748534,103.852787245058
195,207501,1.30607583818221,103.852821809828
196,207502,1.30605460908706,103.852858008334
197,207522,1.3090764177739,103.858266200923
198,207524,1.30912055357585,103.858301225422
199,207526,1.3091648192132,103.858327621599
200,207528,1.30925063234985,103.858350086011
201,207529,1.30925063234985,103.858350086011
202,207530,1.30943390917526,103.858456176936
203,207533,1.30978980342358,103.858717477499
204,207535,1.3099111158295,103.858799100113
205,207536,1.30995563024781,103.858829056158
206,207537,1.31000023691549,103.858858837326
207,207538,1.31004474996531,103.858888697094
208,207539,1.31008927368941,103.858918646343
209,207540,1.31014652520066,103.858945974722
210,207542,1.30952190174503,103.860211336261
211,207544,1.31104068501554,103.859581960221
212,207545,1.31108601170976,103.859626403739
213,207546,1.31112252608994,103.859647693593
214,207547,1.31116177824428,103.859678661351
215,207548,1.31119866736412,103.859699974328
216,207549,1.31123929668597,103.859729264574
217,207550,1.31127352235984,103.859752835442
218,207551,1.31131456419708,103.859782075379
219,207552,1.31134900967886,103.859805560035
220,207553,1.31137560213133,103.859845806283
221,207554,1.31142659791872,103.859856245402
222,207557,1.31157714328388,103.859941125851
223,207560,1.31167060822315,103.860075888759
224,207561,1.31171131328582,103.860112458366
225,207562,1.31176357914459,103.860127358402
226,207563,1.31159010927258,103.860365162936
227,207564,1.31180694847522,103.860161503675
228,207566,1.31188833987111,103.860219718396
229,207567,1.3116520910919,103.860522857984
230,207568,1.31188833959737,103.860219718124
231,207569,1.31233534245763,103.860647510473
232,207570,1.31186505970497,103.860696597805
233,207572,1.31189776390529,103.860725266803
234,207573,1.31193637980648,103.860763816091
235,207574,1.31196434535484,103.860797947068
236,207576,1.31200023384111,103.860855699234
237,207577,1.31217007936864,103.861053603138
238,207581,1.31175542013166,103.8606175434
239,207599,1.30773605522176,103.858227639429
240,207601,1.30777335380753,103.858254253099
241,207603,1.30785009366207,103.858235109456
242,207605,1.30788763724929,103.858260663525
243,207606,1.30756194697078,103.858568045518
244,207607,1.30792450667488,103.858281929402
245,207628,1.30634552691514,103.858739925463
246,207629,1.30681546151263,103.858169009482
247,207630,1.30689059723955,103.858401642705
248,207636,1.30715847826085,103.858106661593
249,207641,1.3075815368561,103.857611366474
250,207642,1.3076376102654,103.857551373741
251,207643,1.3076749968506,103.857508833559
252,207644,1.30770872030223,103.857470277734
253,207645,1.30774306513017,103.857431398811
254,207646,1.30777360507515,103.857391934566
255,207647,1.30780706491339,103.857354082872
256,207648,1.30784771865224,103.857323973751
257,207651,1.3086368168156,103.85648676002
258,207652,1.30864264284209,103.856439143696
259,207653,1.30866754407279,103.856407653603
260,207654,1.30869380248599,103.85637454991
261,207655,1.30873960323682,103.856312280621
262,207656,1.30878811999335,103.856246872521
263,207657,1.30882259540185,103.856204865884
264,207658,1.30887334687364,103.856173470123
265,207659,1.308907388657,103.856134843824
266,207660,1.30892085056046,103.856075946963
267,207661,1.30894815986256,103.856039281522
268,207662,1.30898196426413,103.855916073161
269,207663,1.30909262053655,103.855855467819
270,207664,1.30912321932684,103.855814091296
271,207665,1.30915084073321,103.855771595307
272,207666,1.30918623748308,103.855733575237
273,207667,1.30922923407885,103.855673422661
274,207668,1.30940873370172,103.855544020303
275,207669,1.30949584938916,103.855524258463
276,207670,1.30950302141349,103.85546864723
277,207671,1.30952767487009,103.855440956298
278,207672,1.30955115235002,103.855415474043
279,207673,1.30957380587847,103.855391692697
280,207674,1.30959230055955,103.855370449361
281,207676,1.30960088648314,103.855275631946
282,207677,1.30963000241648,103.855238355109
283,207678,1.30965911561196,103.855201076366
284,207679,1.30968823811377,103.855163800342
285,207680,1.3097182387469,103.855126918686
286,207681,1.3098135527185,103.855108811036
287,207682,1.30990992790192,103.85503376296
288,207683,1.30996203338038,103.854986498122
289,207684,1.30998761316065,103.854956885974
290,207685,1.31001331227451,103.854928845828
291,207686,1.31004073615747,103.854903336401
292,207687,1.31006500662751,103.854878877576
293,207688,1.31008947828998,103.854854535972
294,207692,1.31022744022893,103.854729257351
295,207693,1.31025296469604,103.85470152208
296,207694,1.31027628287837,103.854673422347
297,207695,1.31046538110235,103.854870626629
298,207696,1.31042825677902,103.854915314667
299,207704,1.31011213190394,103.855290873926
300,207706,1.30975299910627,103.855701473372
301,207710,1.30944763533031,103.856052233264
302,207713,1.30906470036101,103.856508100995
303,207721,1.30878495766331,103.856794439923
304,207723,1.3086617150563,103.8568626043
305,207725,1.30862755778788,103.856896857268
306,207726,1.30859692047856,103.856928198261
307,207727,1.30855518945501,103.856945276647
308,207728,1.30852748222151,103.856972509252
309,207729,1.30850181511349,103.857000366323
310,207730,1.30847587262928,103.857028278602
311,207731,1.30845020714829,103.857057684554
312,207732,1.30842533905541,103.857086632513
313,207733,1.30839654481855,103.857114738951
314,207734,1.30829321488025,103.857299805898
315,207735,1.30826413496489,103.85734584564
316,207736,1.30823098336154,103.857382510185
317,207737,1.30820072208505,103.857421121807
318,207738,1.308163762872,103.857456058745
319,207739,1.3081295351828,103.857496854536
320,207740,1.30809566688412,103.857539731734
321,207741,1.30805828195584,103.857580719505
322,207742,1.3080207744002,103.85762113042
323,207743,1.30798614186118,103.857661531299
324,207744,1.30794904873866,103.857701661269
325,207745,1.30791507342175,103.857743023846
326,207746,1.30788436489308,103.857778273604
327,207747,1.30785744734371,103.857808206341
328,207748,1.30782539158191,103.857835176977
329,207749,1.30780279240732,103.857868726713
330,207750,1.30777676010377,103.857899216183
331,207751,1.30775061201382,103.857929401859
332,207753,1.30769632826836,103.857988710593
333,207754,1.30767070328272,103.858018724385
334,207755,1.30764397843506,103.858049007418
335,207756,1.30764397816132,103.858049007418
336,207776,1.3074482885082,103.858284849761
337,207777,1.30740585791011,103.858319682729
338,207778,1.30737657854362,103.858353890562
339,207779,1.30734487087446,103.858389813971
340,207780,1.30731175867259,103.858426576671
341,207781,1.30727940278791,103.858463974705
342,207782,1.30722661940144,103.858519209016
343,207799,1.30757291335101,103.858122147675
344,207838,1.31223603566236,103.859034588361
345,207839,1.31227010543861,103.858993212679
346,207840,1.31233044353181,103.858890511485
347,207841,1.31238978530113,103.858861231772
348,207842,1.31241561400236,103.858826524501
349,207843,1.31259713626095,103.858575980657
350,207844,1.31262952255869,103.858535929453
351,207845,1.31265667019338,103.858492073024
352,207846,1.31270119887416,103.858465373627
353,207847,1.31273667784049,103.858421792244
354,207850,1.31229420329277,103.858935385533
355,207851,1.31380286104726,103.857763875638
356,207852,1.3131227003568,103.857656215109
357,207853,1.31328696473857,103.858046146638
358,207854,1.31302437648346,103.858136678648
359,207855,1.31354230358905,103.858379378217
360,207869,1.31090445322008,103.858316586958
361,207871,1.31097982184865,103.858361563272
362,207872,1.31105599272828,103.858412419373
363,207873,1.31110058214907,103.858442815477
364,207876,1.31119219091346,103.858503929457
365,207877,1.3113568841101,103.858599024436
366,207896,1.30914452414265,103.857207238376
367,207897,1.30914452441638,103.857207238648
368,207898,1.30920485665509,103.857193826898
369,207900,1.3092749654231,103.857192590087
370,207902,1.30928442726109,103.857136931834
371,207903,1.3090777890253,103.856932443349
372,207904,1.30933968235992,103.857117319878
373,207905,1.30935354769908,103.857065765458
374,207907,1.30939265382583,103.857027503654
375,207909,1.3094614391245,103.856994357657
376,207912,1.30922751249539,103.856696547561
377,207913,1.30951817757725,103.85694628733
378,207914,1.30927938015026,103.856647216322
379,207915,1.30956492458978,103.856889016894
380,207916,1.30956492486352,103.856889017166
381,207919,1.30935972224065,103.856636371075
382,207920,1.30965121809094,103.856800877677
383,207921,1.30942327847125,103.85656774567
384,207922,1.30965121836469,103.856800877677
385,207923,1.30945411672074,103.856533757013
386,207924,1.30972057939622,103.856730588122
387,207925,1.30951357978764,103.856527464389
388,207926,1.30975999722788,103.856699987776
389,207927,1.30951872870739,103.856468270991
390,207928,1.30979444822587,103.856663940318
391,207929,1.30956974502399,103.856451079263
392,207930,1.30981341292058,103.856613060423
393,207931,1.30958079664158,103.856400270828
394,207932,1.30988686654294,103.856570543369
395,207933,1.30963452097395,103.856385652527
396,207934,1.30988686626921,103.856570543369
397,207935,1.30966038792055,103.856355600077
398,207955,1.30939779202524,103.854053574201
399,207956,1.30928817568078,103.854051585999
400,207957,1.30925649232702,103.854100456193
401,207958,1.3092349650814,103.854141056605
402,207959,1.30919757825658,103.854186281232
403,207960,1.30907228436832,103.853858981521
404,207961,1.30916178777739,103.854271753166
405,207962,1.30904838470878,103.853896468916
406,207963,1.30913717476217,103.854309413527
407,207964,1.30902365318518,103.853932633974
408,207965,1.30911404510467,103.854347144884
409,207966,1.30900086680332,103.853969293493
410,207967,1.30908889612077,103.854384619754
411,207968,1.30897636768267,103.854004889585
412,207969,1.30906352513438,103.854422629863
413,207970,1.30895257477548,103.854042540161
414,207971,1.30904016661775,103.85446232948
415,207972,1.30892699823004,103.854079440623
416,207973,1.30901342150274,103.854498928039
417,207974,1.30890398710559,103.854116785235
418,207975,1.30899067944535,103.854537002897
419,207976,1.30887884881979,103.854151976352
420,207977,1.30896643541912,103.854574553107
421,207978,1.30885103231386,103.854189131087
422,207979,1.30894174575975,103.854611558824
423,207980,1.30881092486552,103.854233263443
424,207981,1.30876548712192,103.854297188271
425,207982,1.30872547395103,103.854360122891
426,207983,1.30868217541999,103.854424905262
427,207984,1.3089183379905,103.854648652126
428,207985,1.30863923166042,103.854487899414
429,207986,1.30889486508338,103.854684451654
430,207987,1.30859442701245,103.854556789095
431,207988,1.30887078394498,103.854719797799
432,207989,1.30884932872714,103.854755046598
433,207990,1.30882752862541,103.854787959696
434,207991,1.30880494728563,103.854821311749
435,207992,1.30877620700143,103.85484916474
436,207993,1.30856070584961,103.854685036289
437,207994,1.30875934220256,103.854893765075
438,207995,1.30850392590277,103.854724870783
439,207996,1.30873398789585,103.854932968317
440,207997,1.30870898534015,103.854971621089
441,207998,1.30868383276889,103.855011344886
442,207999,1.30865485580441,103.855059050222
443,208000,1.30855529562321,103.855209575186
444,208001,1.30851898617296,103.855256987812
445,208002,1.30849777477272,103.855300291066
446,208003,1.30847157164813,103.855335607807
447,208004,1.30844829336885,103.855369883735
448,208005,1.30842694545736,103.855403765319
449,208006,1.30840580173523,103.85543933694
450,208007,1.30838447927119,103.855474208503
451,208008,1.30835943159339,103.855507002436
452,208009,1.30833758463682,103.855544038348
453,208010,1.3083163360773,103.855579125856
454,208011,1.30829365536303,103.855612363666
455,208012,1.30827036858937,103.855647184893
456,208013,1.30824847237564,103.855682342018
457,208014,1.30822658381843,103.855718333554
458,208015,1.30820107241605,103.855753108524
459,208016,1.30818069102647,103.855789659518
460,208017,1.30815707576936,103.855824644195
461,208018,1.30813407531543,103.855859692518
462,208019,1.30811272491848,103.855895264402
463,208020,1.30808845187807,103.855930420957
464,208021,1.30805372341957,103.855956075249
465,208022,1.30804190786871,103.856001823604
466,208023,1.30802061166544,103.856037776519
467,208024,1.3077714520934,103.855845600577
468,208025,1.30799787591574,103.856072008924
469,208026,1.30773718408198,103.85589849507
470,208027,1.30797441832216,103.856107298205
471,208028,1.30770358289368,103.855950204857
472,208029,1.30795176522371,103.856143186921
473,208030,1.30767264951738,103.856000627965
474,208031,1.30792960430811,103.856177819672
475,208032,1.30764017535203,103.856045038567
476,208033,1.30790434501685,103.856211569572
477,208034,1.30761267106152,103.856091625807
478,208035,1.30757962095063,103.856137109061
479,208036,1.30754761424805,103.856189240412
480,208037,1.30751393587224,103.856239737194
481,208085,1.31182133275004,103.859005764814
482,208086,1.31185212511557,103.85896494692
483,208087,1.31188156521066,103.858926951272
484,208088,1.31191145094025,103.858889167767
485,208089,1.31194423364436,103.858845594263
486,208090,1.31197956944023,103.858803447281
487,208091,1.31200975134472,103.858765884889
488,208092,1.31203992503671,103.858728321137
489,208093,1.31207010392909,103.85869075412
490,208094,1.31210028555829,103.858653183295
491,208095,1.31213046308088,103.858615615733
492,208096,1.31216059187783,103.858578112354
493,208097,1.31219081511324,103.858540493388
494,208098,1.31231066435259,103.85857476261
495,208099,1.31225079924077,103.85846591906
496,208100,1.31232078980204,103.858459973618
497,208101,1.31235100181212,103.858422406051
498,208102,1.31238127267508,103.858384755531
499,208103,1.3123969082052,103.858339850263
500,208104,1.31243188622115,103.858297956741
501,208105,1.31245856099983,103.858265572936
502,208106,1.31250585694116,103.85822922941
503,208108,1.31151034798645,103.858717994436
504,208127,1.3044841674708,103.852965170837
505,208128,1.30452304140319,103.852997578226
506,208129,1.3045621335058,103.853029294264
507,208130,1.30459983339838,103.853061482435
508,208131,1.30462359740065,103.853111960884
509,208132,1.30467570920673,103.853125492167
510,208133,1.30477736226195,103.853212734493
511,208136,1.30552370913502,103.854089453626
512,208142,1.30527208188075,103.853941671766
513,208143,1.30473430911217,103.853539428221
514,208144,1.30469228073195,103.853501613994
515,208145,1.30465724451723,103.853472336208
516,208146,1.30463121379269,103.853449303785
517,208147,1.304405485764,103.853264379857
518,208148,1.30436993686586,103.853232414175
519,208149,1.30433971010471,103.853207066972
520,208150,1.30430959174045,103.853181862011
521,208151,1.30427959327373,103.85315630648
522,208178,1.30977372615996,103.862849773569
523,208179,1.30973226989392,103.862800223508
524,208180,1.30971433682966,103.862730612761
525,208182,1.30970733525077,103.862640921056
526,208184,1.30962482994033,103.862618858508
527,208187,1.30960103522706,103.862449485483
528,208188,1.30946846345341,103.862464536268
529,208191,1.30946239045228,103.862296972346
530,208247,1.30797367590823,103.853199341589
531,208248,1.30822681836541,103.853340418344
532,208249,1.30796595779782,103.853259935324
533,208250,1.3079575203986,103.853310185131
534,208251,1.30794888729284,103.853358751699
535,208252,1.30825966229226,103.853466744856
536,208253,1.30794944995284,103.853409583598
537,208254,1.3079305187681,103.853454369669
538,208255,1.30821890543272,103.853560613058
539,208256,1.30792147258417,103.853504459549
540,208257,1.30820670666859,103.853610155711
541,208258,1.30786398366333,103.853547248218
542,208259,1.30820226958891,103.853661235341
543,208260,1.30785430899497,103.853596323092
544,208261,1.30818751499802,103.853708354427
545,208262,1.30780146260863,103.853636027085
546,208263,1.30816321810845,103.853751437637
547,208264,1.30788811089119,103.853699346465
548,208265,1.30817407315448,103.853798011081
549,208266,1.30787939155123,103.853748008221
550,208267,1.30816442619144,103.853839389959
551,208268,1.30787058954934,103.853795893766
552,208269,1.30815800929094,103.853879030688
553,208270,1.3078618573392,103.853844901741
554,208271,1.30815051580662,103.853917634921
555,208272,1.30785258231089,103.85389448874
556,208273,1.3081446518492,103.853956822277
557,208274,1.3078436029158,103.853943758078
558,208275,1.3081335683488,103.853996290264
559,208276,1.3078346199612,103.853993028231
560,208277,1.30812380536426,103.854065255836
561,208278,1.30782517275848,103.854041827868
562,208279,1.30811201835075,103.854139684225
563,208280,1.30781548495301,103.854122352526
564,208281,1.30810218652916,103.854191008311
565,208282,1.3080800611605,103.854266054535
566,208302,1.30407950478627,103.854012858588
567,208303,1.3038759612124,103.853827988954
568,208304,1.30410586471144,103.853981158305
569,208305,1.30392372455151,103.853767450579
570,208306,1.30413172917322,103.853950223074
571,208307,1.30398093157449,103.8537194306
572,208308,1.30415810881029,103.853918046023
573,208309,1.30418898072194,103.85388059792
574,208310,1.30422379632889,103.853840093428
575,208312,1.3040245018115,103.853632317544
576,208313,1.3040245018115,103.853632317272
577,208314,1.30409706963793,103.853549601413
578,208315,1.30420759674085,103.853410258312
579,208316,1.30424979178312,103.853351079193
580,208318,1.30451143459325,103.85344309861
581,208319,1.30453429590608,103.853414409561
582,208320,1.30455723439788,103.853387390691
583,208321,1.30457848834704,103.853359084021
584,208322,1.30460097273035,103.853330179293
585,208323,1.30409706963793,103.853549601141
586,208344,1.30743688049676,103.858683928644
587,208346,1.30817285974835,103.858435880148
588,208347,1.30800295596378,103.858128311523
589,208348,1.3080109509543,103.858065898312
590,208349,1.30804149578945,103.858031172372
591,208350,1.30807248215339,103.857996649599
592,208351,1.30810150475095,103.857962706923
593,208352,1.30816513919613,103.857960633211
594,208353,1.30820036751586,103.857934498919
595,208354,1.30818883445099,103.857866200032
596,208355,1.30821644895864,103.85783285867
597,208356,1.30824513155938,103.857800780085
598,208357,1.30830395737833,103.857794570167
599,208358,1.30830240671003,103.857735757768
600,208359,1.30833090509407,103.857702983746
601,208360,1.30836607181317,103.857677673525
602,208380,1.31258887477104,103.857214433401
603,208393,1.31291563993984,103.856924681278
604,208410,1.30461645780005,103.852740134666
605,208413,1.30475110478166,103.852855134143
606,208414,1.30488841380674,103.852654484619
607,208415,1.3049131522907,103.852671652766
608,208416,1.30493613750133,103.852690569952
609,208417,1.30480671508947,103.852913970537
610,208418,1.30495924287975,103.852709592393
611,208419,1.30484495203307,103.85294800078
612,208420,1.30499167018485,103.852734969258
613,208421,1.30488303951488,103.852982421847
614,208422,1.30493424433035,103.853010430462
615,208423,1.30497428019,103.853051506157
616,208424,1.3050114114973,103.853088936318
617,208444,1.3096792125661,103.854339063032
618,208445,1.30972382255665,103.854370880921
619,208446,1.3097655104905,103.854397617796
620,208447,1.30980719869777,103.854424352768
621,208448,1.30984888334614,103.854451095628
622,208449,1.30989057127905,103.85447782897
623,208450,1.30993226578125,103.854504564217
624,208451,1.30997393893179,103.854531317415
625,208452,1.31001534655811,103.854558417648
626,208453,1.3100608670652,103.854580415985
627,208454,1.31009159879411,103.854611965056
628,208455,1.31012156006024,103.85463230967
629,208456,1.3101590454091,103.854654365871
630,208510,1.3083578223219,103.858558951641
631,208511,1.30865766748104,103.858066663176
632,208512,1.30947807428071,103.857380843995
633,208513,1.30947807428071,103.857380843995
634,208514,1.30954208747372,103.857332131618
635,208515,1.30957252004903,103.857299412532
636,208516,1.30961053836844,103.857260749288
637,208517,1.30964700919089,103.857230845716
638,208518,1.30966240715188,103.857180476288
639,208519,1.3096973322545,103.857145230889
640,208520,1.30974468221767,103.857125812773
641,208521,1.30978417101994,103.857087975517
642,208522,1.30981491044066,103.857055896652
643,208523,1.30985283815657,103.857016619285
644,208524,1.30988462103677,103.856985550805
645,208525,1.30992245595736,103.8569461418
646,208526,1.30994003280754,103.856897825778
647,208527,1.30994600411903,103.856800170571
648,208528,1.31003676714672,103.85685543623
649,208529,1.31004776359791,103.856791965835
650,208530,1.31009149598232,103.856764198663
651,208531,1.31013711446197,103.856728394992
652,208532,1.3104761806261,103.856286558041
653,208533,1.31051681728548,103.855664683346
654,208534,1.31127092613366,103.855660490497
655,208535,1.31130511736942,103.855621633523
656,208536,1.31135041450546,103.855581906878
657,208537,1.31135041423173,103.855581906606
658,208538,1.31025277436121,103.856575326929
659,208539,1.3113051711141,103.856421771626
660,208557,1.30714018450423,103.858643250322
661,208559,1.31041210736987,103.861826556967
662,208560,1.3106064291661,103.861956198421
663,208561,1.3106872231867,103.86208975147
664,208563,1.30972331734242,103.861822059193
665,208564,1.30976671929347,103.861874096992
666,208565,1.30979508179502,103.861927305192
667,208566,1.30984493123373,103.861980700483
668,208567,1.30987237945948,103.862034377012
669,208568,1.30992190065318,103.86209095982
670,208569,1.30995790387894,103.862142298846
671,208570,1.30999881479564,103.862199310188
672,208571,1.31002539529739,103.862251760117
673,208572,1.31006942021243,103.862307473374
674,208573,1.31009951880215,103.862376996148
675,208574,1.31014694696807,103.862438508718
676,208575,1.31020327486844,103.862488842506
677,208576,1.31023986067513,103.862532869569
678,208577,1.31027202889893,103.862583705686
679,208578,1.31030638654351,103.862625547154
680,208579,1.31033276224954,103.862680895231
681,208580,1.31038476979249,103.862733378921
682,208581,1.30862466998216,103.859286775724
683,208582,1.30732089560129,103.858805122108
684,208600,1.30613509115259,103.856130240976
685,208601,1.30610933836453,103.856159284372
686,208602,1.30608578286746,103.856184297704
687,208603,1.30605621530601,103.856216647701
688,208604,1.30587189559013,103.856453090933
689,208625,1.30625310592528,103.856338129087
690,208628,1.30636273710114,103.856423595419
691,208634,1.30643040094711,103.856475107013
692,208642,1.30651732542212,103.856560548671
693,208648,1.30662920167892,103.856653355842
694,208651,1.30668651448502,103.856715212901
695,208652,1.30678018991167,103.856783814938
696,208673,1.30732815982598,103.854054948903
697,208674,1.30636324290728,103.854255347734
698,208675,1.30636317830626,103.854255352901
699,208678,1.30761941443084,103.854218906775
700,208699,1.30742055150973,103.862841588255
701,208718,1.30663469653195,103.862772815008
702,208737,1.30800417471157,103.861786568352
703,208738,1.30857544338035,103.862677869771
704,208741,1.30889576732658,103.863068603426
705,208743,1.30882948257819,103.86343713826
706,208745,1.30943534653382,103.86317200935
707,208747,1.30921547552535,103.862915874013
708,208749,1.30899555275517,103.862659611708
709,208766,1.30827581228578,103.863117419778
710,208767,1.3078301007512,103.862736376488
711,208785,1.30374802721653,103.853990443228
712,208786,1.30392258346096,103.854120521992
713,208787,1.30381132990834,103.854639960657
714,208789,1.30399782664335,103.85418479201
715,208790,1.30402964681902,103.854207150807
716,208791,1.30406039612314,103.854232860562
717,208792,1.30409125329996,103.854255917777
718,208793,1.30412935176262,103.854284440055
719,208794,1.30417540294381,103.854318309095
720,208795,1.30434275252758,103.854457218228
721,208796,1.30433375961181,103.854453282175
722,208797,1.30433375961181,103.854453282175
723,208798,1.30433375961181,103.854453282175
724,208799,1.30452184693244,103.854526593504
725,208800,1.30456250493751,103.854570563273
726,208801,1.30462080011806,103.854580689549
727,208802,1.30466810442315,103.854617054498
728,208803,1.30466810469689,103.854617053954
729,208804,1.30473699713513,103.854663976766
730,208805,1.30488718756579,103.854760243867
731,208806,1.30492751723083,103.854787450924
732,208807,1.30496108081416,103.85480884398
733,208808,1.30499235354042,103.854828576084
734,208809,1.30503265590579,103.854847136337
735,208810,1.3050749254958,103.854876599965
736,208811,1.3051100911584,103.854907136735
737,208812,1.30514346286336,103.854927423683
738,208813,1.30517588142686,103.854948068265
739,208814,1.30521407004322,103.854964560973
740,208815,1.30521352982461,103.855044243325
741,208816,1.30525661843157,103.855072510832
742,208817,1.30532365279375,103.854989723944
743,208826,1.30485713039736,103.855380724792
744,208827,1.30617278323384,103.85599365584
745,208828,1.3062193101555,103.856025604004
746,208829,1.3062125629425,103.855627118576
747,208830,1.30626001231595,103.856057243972
748,208831,1.30626091457364,103.855658977815
749,208832,1.30629698953386,103.856087132408
750,208833,1.30630931246611,103.855690733978
751,208834,1.30634800667627,103.856099307155
752,208835,1.3063577645573,103.855722486336
753,208836,1.30637286805842,103.856144618477
754,208837,1.30641253164651,103.855756559216
755,208838,1.3064114512497,103.856176339478
756,208839,1.30644953191112,103.856203227259
757,208840,1.30648287564358,103.856227916103
758,208841,1.3065653131589,103.855855944903
759,208842,1.30651690179461,103.856252325638
760,208843,1.30661517440001,103.855890467315
761,208844,1.30654901097102,103.856279180186
762,208845,1.30665732184863,103.855924687771
763,208846,1.3065866005894,103.856302251924
764,208847,1.30669135206257,103.855954179648
765,208848,1.30662027033517,103.856327115379
766,208849,1.30671905530993,103.855972942711
767,208850,1.30665089836079,103.856351900208
768,208851,1.30674623737309,103.855991321745
769,208852,1.3066864549953,103.856401200652
770,208853,1.30678541417944,103.856005407263
771,208855,1.30682881347526,103.856032142244
772,208856,1.30674646499647,103.85642290349
773,208857,1.30687213749851,103.85605840209
774,208858,1.30680172147251,103.856461036668
775,208859,1.30691410570767,103.856086249155
776,208860,1.30680172147251,103.856461036668
777,208861,1.30696517959953,103.856118882741
778,208862,1.30685181341129,103.856500997997
779,208863,1.30712509630403,103.856209019577
780,208864,1.306884761351,103.856522641028
781,208865,1.30717589154174,103.856240804069
782,208866,1.30692181690987,103.856546150915
783,208867,1.30721740535066,103.856268791746
784,208868,1.30695747612529,103.856573033517
785,208869,1.30725942776872,103.856295294459
786,208870,1.30699680015405,103.856621023371
787,208871,1.3073004839012,103.856322661765
788,208873,1.30734222682605,103.856350381554
789,208874,1.30738344939129,103.856377337913
790,208875,1.30742488272522,103.856404871399
791,208876,1.30747525530172,103.856438251284
792,208877,1.30734410918998,103.856888783497
793,208878,1.30806817352464,103.856813092468
794,208879,1.30810680243439,103.856843259995
795,208880,1.30814162680406,103.856865523972
796,208881,1.30817656860405,103.856887881238
797,208882,1.30821513192287,103.856906843508
798,208883,1.30825900417839,103.856937816125
799,208884,1.30857352189065,103.857147483641
800,208885,1.30862851949992,103.857175447542
801,208886,1.30840371155108,103.857471469358
802,208887,1.30866854963007,103.857207054373
803,208888,1.30844169064578,103.857497992191
804,208889,1.30871938787631,103.857233988821
805,208890,1.30847975406799,103.857522657184
806,208891,1.30877460191217,103.85724333785
807,208892,1.30851754922393,103.857548115245
808,208893,1.30882777014801,103.857272849533
809,208894,1.3085618780776,103.857577037211
810,208895,1.30895309467233,103.857414889121
811,208896,1.30901755963967,103.85743936834
812,208897,1.30907184494005,103.857444436793
813,208898,1.30911052261266,103.8574697752
814,208899,1.30911890970266,103.857535236592
815,208900,1.30915592911536,103.857559010056
816,208901,1.30922113496223,103.857538905664
817,208902,1.30925381542034,103.85756407213
818,208903,1.30928782407603,103.857584554973
819,208904,1.30934284861213,103.857601585056
820,208905,1.30952329692761,103.85774176901
821,208906,1.30930652646144,103.858072541146
822,208907,1.30956353186402,103.857767067734
823,208908,1.30960386641666,103.857794635525
824,208909,1.30964598900104,103.857821340639
825,208910,1.30964598872729,103.857821340911
826,208911,1.30968666818812,103.857848369658
827,208912,1.30972796163252,103.857875301862
828,208913,1.30942995093768,103.858161749318
829,208914,1.30976820256086,103.857903509335
830,208916,1.30981049868549,103.857930738817
831,208918,1.30984226994205,103.857969061138
832,208919,1.30953177452299,103.85820351713
833,208920,1.30988628043763,103.85799807641
834,208921,1.30957728533364,103.858233786482
835,208922,1.30993245879638,103.85800970151
836,208923,1.30961986610507,103.858264197503
837,208924,1.30997555418,103.858040952116
838,208925,1.30966349939254,103.858293280767
839,208926,1.31004286182048,103.858069087244
840,208927,1.3097169467929,103.858325750729
841,208928,1.31011321759235,103.858140621058
842,208929,1.30992494776752,103.858481909879
843,208930,1.31019232900635,103.858155061402
844,208931,1.31020226611708,103.858231551869
845,208933,1.30992494776752,103.858481909879
846,208934,1.31023795240301,103.858259318985
847,208935,1.30992494776752,103.858481909879
848,208936,1.31034162383554,103.858285877857
849,208937,1.31036769171992,103.85833819149
850,208938,1.31040607454467,103.858366265965
851,208939,1.31045171786106,103.858394394908
852,208940,1.31049167278058,103.858417786849
853,208941,1.31053500688888,103.858445555679
854,208942,1.31068107048896,103.858529164224
855,208943,1.31072234808053,103.858552960878
856,208944,1.31076952951431,103.85857967613
857,208945,1.31042892878181,103.858824792877
858,208946,1.31080532918495,103.858601185441
859,208947,1.31047716502397,103.858839978136
860,208948,1.31084761155667,103.85863410298
861,208949,1.31051950328241,103.858868190822
862,208950,1.31089119138702,103.858643561536
863,208951,1.31056078083496,103.858895468729
864,208952,1.31093721987458,103.858668507326
865,208953,1.31064602984791,103.858913402105
866,208954,1.31100047841835,103.858699673848
867,208955,1.31100044748608,103.858699717363
868,208956,1.31105256191645,103.858747654694
869,208958,1.31109676126498,103.858777913997
870,208959,1.31102792852015,103.859241779461
871,208960,1.31109676071751,103.858777914269
872,208962,1.31112642393103,103.858817383237
873,208963,1.31133525844231,103.85944189656
874,208966,1.31128761580669,103.85888493716
875,208968,1.31132587055681,103.858962389647
876,208969,1.31146050067645,103.859509734911
877,208970,1.31132587055681,103.858962389647
878,208971,1.31150844592171,103.859526228647
879,208972,1.31156167479276,103.859539615152
880,208973,1.31155354152053,103.859079266235
881,208974,1.31159837558255,103.859561194389
882,208975,1.31160166832961,103.859114851632
883,208976,1.31164258781337,103.859588864262
884,208978,1.31169059249771,103.859601603963
885,208979,1.31166689843679,103.85913203635
886,208980,1.31171825708274,103.859675501135
887,208981,1.31172169068248,103.8591900699
888,208982,1.31178811049272,103.859227753759
889,208983,1.31188420578359,103.859256463098
890,208984,1.31193821312641,103.859324769872
891,208985,1.31199287692107,103.859362917602
892,208986,1.31203956517638,103.859380279192
893,208987,1.31208630500297,103.859439366838
894,208988,1.31238652619302,103.859366874523
895,208989,1.3123894066904,103.85952267279
896,208990,1.31245489562499,103.859499322161
897,208991,1.31249887374347,103.859507738
898,208992,1.31255127209181,103.859522694872
899,208993,1.31259130295951,103.859559125498
900,208994,1.31265274733728,103.859550277232
901,208995,1.31272004299565,103.859570643256
902,208996,1.31276566047007,103.859581922987
903,208997,1.31281877247047,103.859593953714
904,208998,1.31291926929015,103.859527634735
905,208999,1.31320112299325,103.859585722094
906,209000,1.3132174360132,103.860335049351
907,209001,1.31322432503396,103.859699504355
908,209002,1.31330198002566,103.859702360884
909,209003,1.3133519506794,103.859687349321
910,209004,1.31339254325169,103.859723065767
911,209005,1.31343343477388,103.859729836417
912,209006,1.31348677777441,103.859718875926
913,209007,1.31353207170293,103.859729446627
914,209008,1.31357336450626,103.859763010147
915,209009,1.31361445802448,103.859771536113
916,209010,1.3136708488313,103.859754586538
917,209011,1.31370847091953,103.859809709586
918,209012,1.31379680599149,103.859775932024
919,209013,1.31385526673562,103.859864564805
920,209014,1.31391661505827,103.859879014014
921,209015,1.31397509030174,103.859891426388
922,209016,1.3140398284925,103.859884057965
923,209017,1.31409493531082,103.859935229169
924,209018,1.31188420605731,103.85925646337
925,209019,1.3101639725282,103.858638075894
926,209037,1.30778509510261,103.857010982845
927,209062,1.30869628841784,103.862571242237
928,209065,1.3091404903875,103.862225090968
929,209066,1.30924832639961,103.862129057926
930,209067,1.3093266719998,103.862062340721
931,209068,1.30937950077082,103.862018585853
932,209069,1.30948819239657,103.861928455693
933,209071,1.31010506189806,103.861373725795
934,209072,1.31026112301357,103.861256710262
935,209073,1.31031433054132,103.861195279327
936,209074,1.3104221697503,103.861103652424
937,209075,1.31061548838236,103.86091147493
938,209076,1.31063171909668,103.860837840438
939,209077,1.3106687210955,103.860799548463
940,209078,1.31071111307313,103.860769951237
941,209079,1.31074870358487,103.860732738726
942,209080,1.31079159512273,103.860703286465
943,209081,1.31082819553852,103.86066633993
944,209082,1.31087120834649,103.860636234118
945,209083,1.31090871592954,103.860597711781
946,209084,1.31097550987465,103.860588799417
947,209105,1.30882971256372,103.853733241818
948,209106,1.30881177081707,103.853756917413
949,209107,1.30878063962173,103.853801729507
950,209108,1.30873484923478,103.853876125276
951,209110,1.30866917659983,103.853941615961
952,209111,1.30842219020529,103.854354276224
953,209112,1.30839422885495,103.854395773803
954,209113,1.30836520567078,103.854439994903
955,209114,1.30833680058281,103.854483273623
956,209115,1.30830841739263,103.854526564582
957,209116,1.30828009743371,103.854569894159
958,209117,1.30825183167284,103.854613262901
959,209118,1.30822296697535,103.854657583267
960,209119,1.30819544796605,103.854699835022
961,209120,1.30754413851231,103.855692108838
962,209121,1.30751040235977,103.855745835841
963,209122,1.30747593341499,103.855800452184
964,209123,1.30744504606166,103.855847239294
965,209124,1.30741478091032,103.855893158
966,209125,1.30738468409056,103.85594054862
967,209126,1.30735366861307,103.855988936825
968,209127,1.3073199532716,103.856041162805
969,209128,1.30728680620848,103.856092317218
970,209148,1.30548490393853,103.851636743175
971,209149,1.30545582986949,103.851683553703
972,209150,1.30542444740438,103.851731058013
973,209151,1.30539450314735,103.851776398523
974,209152,1.30536486656881,103.851821269883
975,209153,1.30533484621154,103.851866728426
976,209154,1.30530438376985,103.851912837522
977,209155,1.30528265982732,103.851979217571
978,209175,1.31131232646044,103.860364960055
979,209176,1.31131096286835,103.860577456619
980,209177,1.31135099758544,103.860635905061
981,209178,1.31138450309136,103.860681443709
982,209179,1.31105507140267,103.860792032358
983,209180,1.31142079649144,103.860733783608
984,209181,1.31108911592757,103.860833816427
985,209182,1.31145416896641,103.86077886072
986,209183,1.31110153315705,103.860893924959
987,209184,1.31114417350117,103.860930353438
988,209185,1.31144411194408,103.860859898943
989,209186,1.3114041513512,103.861298406812
990,209187,1.31148446561661,103.860887931334
991,209189,1.31150009626637,103.860941652905
992,209191,1.31153027683997,103.860977529422
993,209193,1.3115567005935,103.861023178149
994,209196,1.3116750717253,103.86102514554
995,209198,1.31164215651983,103.861140202676
996,209200,1.31166907656649,103.861184205705
997,209201,1.31137311219639,103.861422542127
998,209202,1.31173874293725,103.861186829651
999,209204,1.31180974965549,103.861297932371
1000,209206,1.3114985458475,103.861430137547
1001,209208,1.31152936395803,103.861464236463
1002,209210,1.311589291627,103.861548608494
1003,209232,1.30672972950553,103.860274961089
1004,209241,1.30772337884854,103.857959339212
1005,209242,1.30684229873444,103.858507304501
1006,209252,1.31177349235842,103.859720055464
1007,209253,1.31180954868579,103.859750426217
1008,209254,1.31186843676586,103.859758562898
1009,209255,1.31189944656177,103.859788043433
1010,209256,1.31193964444042,103.859820960169
1011,209257,1.31197413121531,103.85984818636
1012,209258,1.31201427650826,103.859883738241
1013,209259,1.3120479179714,103.859913182091
1014,209260,1.31208252836284,103.859950652955
1015,209261,1.31211152297117,103.859976706345
1016,209262,1.31215262825473,103.860011214136
1017,209263,1.31220246285237,103.860048392522
1018,209264,1.31272278331082,103.859959031862
1019,209266,1.31250862903025,103.860352539931
1020,209267,1.31253870731684,103.86038097664
1021,209268,1.31257765419792,103.860416612835
1022,209269,1.31260690553338,103.860445337828
1023,209270,1.31262940694209,103.860494176767
1024,209272,1.31266402696807,103.860525874753
1025,209273,1.3127332106304,103.860589216333
1026,209274,1.31279377901593,103.860634795279
1027,209276,1.31237966090874,103.860271801802
1028,209295,1.31255029770325,103.857570097283
1029,209296,1.31250457592957,103.857530418734
1030,209297,1.31246933312033,103.857498897023
1031,209298,1.31241682243791,103.857465077793
1032,209299,1.31238218211804,103.857433135076
1033,209300,1.31234528173825,103.857385345573
1034,209301,1.31229620024826,103.857365203346
1035,209303,1.31224592161444,103.857328050028
1036,209304,1.31221114360362,103.857296252003
1037,209305,1.31216335185542,103.857256712695
1038,209306,1.31212398192471,103.857229997527
1039,209307,1.31207502214584,103.857191612734
1040,209308,1.31203926498366,103.857160519929
1041,209309,1.31199051023088,103.857122001331
1042,209310,1.31195454832102,103.857090334392
1043,209331,1.30424705523881,103.854160022317
1044,209332,1.30442013588911,103.854374749373
1045,209333,1.30427216581886,103.854131894374
1046,209334,1.30444531979732,103.854350744253
1047,209335,1.3042977039481,103.854106342279
1048,209336,1.30446814057616,103.854325840518
1049,209337,1.30432537453176,103.854071757471
1050,209338,1.30449060495443,103.854300938683
1051,209339,1.30435595352079,103.854038004648
1052,209340,1.304513242596,103.854277162541
1053,209341,1.3043811410101,103.854010888982
1054,209342,1.30453574746839,103.854254395957
1055,209343,1.30455744456721,103.854230125089
1056,209344,1.30440551550725,103.853984370832
1057,209345,1.30457887614721,103.854205565385
1058,209347,1.30460060116832,103.854181053006
1059,209348,1.30462346848766,103.854155242513
1060,209349,1.30442045960773,103.853927313694
1061,209350,1.30464861792451,103.854128702066
1062,209352,1.30467428280909,103.854101098213
1063,209354,1.30470497759242,103.854066759831
1064,209356,1.30473825344436,103.854027474299
1065,209358,1.30477246620348,103.853997885934
1066,209360,1.30479894106814,103.853969594267
1067,209362,1.30482406149677,103.853941910719
1068,209364,1.30484994016085,103.853914780366
1069,209366,1.30487468009487,103.853887730508
1070,209368,1.30489931518784,103.853860807931
1071,209369,1.30448398785878,103.85368950305
1072,209370,1.30493064857921,103.853827407579
1073,209371,1.30457019852263,103.853843619629
1074,209373,1.3049605246185,103.853793686016
1075,209374,1.30459317643454,103.85381684445
1076,209375,1.30498353590974,103.853768813277
1077,209376,1.30461813807601,103.853791655155
1078,209377,1.30500871545797,103.853741688083
1079,209378,1.30464157587282,103.853763159485
1080,209379,1.3050418951891,103.853706751646
1081,209380,1.30466716904097,103.85373487053
1082,209381,1.30513455535275,103.853582683664
1083,209382,1.30469056082007,103.853710047567
1084,209384,1.30515916800211,103.853555047155
1085,209386,1.30518321948615,103.853528954354
1086,209388,1.30520482846641,103.853500914757
1087,209389,1.30523273298765,103.853478221363
1088,209390,1.30525707546673,103.853449930485
1089,209391,1.30480301391279,103.853605003383
1090,209392,1.30528294372152,103.853423069919
1091,209393,1.30490784585951,103.853415617359
1092,209394,1.3053078539183,103.853395257171
1093,209395,1.30494692888551,103.853383893498
1094,209396,1.30533408651406,103.853368026725
1095,209397,1.3049706800803,103.853358104487
1096,209398,1.30535877469986,103.853341828672
1097,209399,1.30499448299881,103.853333756656
1098,209400,1.30538305722205,103.853314518522
1099,209401,1.3050285751086,103.853294779805
1100,209402,1.30541001112196,103.853284951024
1101,209403,1.30545594835809,103.853260949039
1102,209404,1.30506647211927,103.853254135523
1103,209405,1.30548641318744,103.85322747333
1104,209406,1.30510236701275,103.8532177193
1105,209407,1.30551090455625,103.853201468916
1106,209408,1.30515503968461,103.853163908966
1107,209409,1.3055344031025,103.853174563995
1108,209411,1.30555891499313,103.853149519914
1109,209412,1.3055806608277,103.853122484976
1110,209413,1.30560535338328,103.853097222501
1111,209414,1.30562905421125,103.8530710568
1112,209415,1.30565336463648,103.853045621076
1113,209416,1.30567593552218,103.853015908305
1114,209417,1.30570640823849,103.852988539178
1115,209418,1.30573527663532,103.852957393162
1116,209419,1.30576258447945,103.852926336613
1117,209420,1.30529561074822,103.853005920711
1118,209421,1.30579069079854,103.85289575058
1119,209422,1.30534095141383,103.852960299118
1120,209423,1.30596333755647,103.852601972295
1121,209424,1.30538141467413,103.852918572396
1122,209425,1.30596333755647,103.852601972567
1123,209426,1.30541269413911,103.852883713712
1124,209427,1.30596333755647,103.852601972567
1125,209428,1.30544379207178,103.852854853369
1126,209429,1.30596333755647,103.852601972567
1127,209430,1.30546641056636,103.852827500229
1128,209431,1.30596333755647,103.852601972567
1129,209432,1.30548983792029,103.852802875789
1130,209433,1.30596333755647,103.852601972567
1131,209434,1.30551167133706,103.852776948863
1132,209435,1.30596333755647,103.852601972567
1133,209436,1.30554719130195,103.852763858578
1134,209437,1.30596333755647,103.852601972567
1135,209438,1.30557141438919,103.852740238536
1136,209439,1.30596333755647,103.852601972567
1137,209440,1.30559609106577,103.852714809339
1138,209441,1.30604699376774,103.852442130854
1139,209442,1.30562116575403,103.852688832122
1140,209443,1.30607149022059,103.85239452858
1141,209444,1.30565158816131,103.852653537182
1142,209445,1.30609601377201,103.852346941263
1143,209446,1.30580261663522,103.852421194231
1144,209447,1.30612060493428,103.852299388214
1145,209448,1.30580261718267,103.852421194503
1146,209449,1.30580261718267,103.852421194503
1147,209450,1.30614204046033,103.852257347199
1148,209451,1.30580261718267,103.852421194503
1149,209452,1.30616131455016,103.852220596568
1150,209453,1.30580261718267,103.852421194503
1151,209454,1.30618047395839,103.852182122993
1152,209455,1.30580261718267,103.852421194503
1153,209456,1.3062041330302,103.852138106388
1154,209457,1.30583771475047,103.852303583982
1155,209458,1.30622908279061,103.852088973179
1156,209459,1.30584921016678,103.852267437892
1157,209460,1.30624891394972,103.852048868318
1158,209461,1.30586460981365,103.85223422505
1159,209462,1.30626447728837,103.852015344335
1160,209463,1.30587362902134,103.852200622424
1161,209464,1.30588610355469,103.852167698393
1162,209465,1.30589799835746,103.852129958005
1163,209466,1.30594212595694,103.852102912885
1164,209467,1.30599311085344,103.852037640234
1165,209470,1.30603104357777,103.851977096807
1166,209471,1.30604792955722,103.851948391909
1167,209472,1.30606598544824,103.85192274453
1168,209473,1.30611066659307,103.851887690646
1169,209493,1.30473768594692,103.854393921138
1170,209494,1.30512093883828,103.854629628306
1171,209495,1.30473213002626,103.85438949774
1172,209496,1.30517440851393,103.854559664776
1173,209497,1.30473213002626,103.85438949774
1174,209498,1.30519915179183,103.854526457475
1175,209499,1.30522507677026,103.854493749523
1176,209500,1.30526072545366,103.854441732727
1177,209501,1.30473213002626,103.85438949774
1178,209502,1.30529613624306,103.85439197112
1179,209503,1.30500630972759,103.854159937449
1180,209504,1.30532003281854,103.854364012324
1181,209505,1.30503784626427,103.85412275098
1182,209506,1.30534397488911,103.854329423123
1183,209507,1.30508880080882,103.854059857333
1184,209508,1.30537041641358,103.854294988421
1185,209509,1.30538039614299,103.854232836099
1186,209510,1.30508880080882,103.854059857061
1187,209511,1.30545797881598,103.854178253586
1188,209512,1.30545797854226,103.854178253586
1189,209513,1.30536817789957,103.853723610825
1190,209518,1.30536817789958,103.853723610553
1191,209520,1.30542481022433,103.853658135649
1192,209521,1.30545683836272,103.853622834481
1193,209522,1.3054789885404,103.853591548628
1194,209524,1.30550324287911,103.853563208792
1195,209525,1.30552741673302,103.853535734371
1196,209526,1.30555183672684,103.853501534898
1197,209527,1.30558411561713,103.853464409612
1198,209528,1.30561830708858,103.853426103981
1199,209530,1.30490295043269,103.854281192037
1200,209549,1.30953652071109,103.854151547165
1201,209550,1.30951110897655,103.854185428197
1202,209551,1.30948699089392,103.854220450707
1203,209552,1.30946501475798,103.854257039252
1204,209553,1.30944138939331,103.85429210528
1205,209554,1.30941651031651,103.854328915729
1206,209555,1.30936634188485,103.854396712331
1207,209556,1.30934444377601,103.854431442213
1208,209557,1.30932237540537,103.854466101381
1209,209558,1.30928829159218,103.854493008688
1210,209559,1.30927402566505,103.854532337959
1211,209560,1.30925505425582,103.854573078182
1212,209561,1.30923331407912,103.854608899488
1213,209562,1.30946144756944,103.854887509723
1214,209563,1.30921212713915,103.854642041326
1215,209564,1.30918954689789,103.854675197021
1216,209565,1.3094219479231,103.854948559857
1217,209566,1.30916806184815,103.85470993479
1218,209567,1.30938846117397,103.855000328982
1219,209568,1.30914486351899,103.854742860662
1220,209569,1.30935208955599,103.855051670267
1221,209570,1.30912299031701,103.854777363714
1222,209571,1.30908768899082,103.854829699882
1223,209572,1.30931270877357,103.855104964016
1224,209573,1.30908768871711,103.854829699338
1225,209574,1.30928904333753,103.855150827339
1226,209575,1.30905526869503,103.854882943916
1227,209576,1.30926155415553,103.855193218629
1228,209577,1.30904480076082,103.854927547574
1229,209578,1.30923352379623,103.855236358381
1230,209579,1.30900901489745,103.854951430525
1231,209581,1.30898703466433,103.854985788339
1232,209582,1.30896600483343,103.855019927222
1233,209583,1.3089428379718,103.855053735096
1234,209584,1.30892017914505,103.855089036102
1235,209585,1.30889899575028,103.855122979434
1236,209586,1.30887788052647,103.855155564264
1237,209587,1.30884863839576,103.85519371929
1238,209588,1.30899651745394,103.855499973464
1239,209589,1.30876453054495,103.855331409474
1240,209590,1.30896725995546,103.855541892313
1241,209591,1.30874194507794,103.855366348209
1242,209592,1.30894607160677,103.855578145504
1243,209593,1.30871809635542,103.85539874263
1244,209594,1.30891998532199,103.855617963936
1245,209595,1.30868267536277,103.855423852714
1246,209596,1.3088935563394,103.85565594628
1247,209597,1.30867398806786,103.855466654017
1248,209598,1.30887262008245,103.855693836744
1249,209599,1.30865025781476,103.855505305434
1250,209600,1.30884971133467,103.855728456178
1251,209601,1.30862353589803,103.855547951826
1252,209602,1.30882804314625,103.855762839823
1253,209603,1.30859609215946,103.855589181234
1254,209604,1.30880265680697,103.855801187431
1255,209605,1.30856631376405,103.85562904668
1256,209606,1.30877505647141,103.85584436688
1257,209607,1.30853922148983,103.855671103974
1258,209608,1.30851769695485,103.855711860744
1259,209609,1.30871910330809,103.855930508463
1260,209610,1.30849532253509,103.855746310467
1261,209611,1.30869128288974,103.855973606044
1262,209612,1.30847251725572,103.855781146931
1263,209613,1.30866357278487,103.856016722119
1264,209614,1.30845056602515,103.855815707894
1265,209615,1.30863583640229,103.856059685616
1266,209616,1.30842767916211,103.855851683103
1267,209617,1.30860778741671,103.856102566702
1268,209618,1.30840257285285,103.855889752208
1269,209619,1.30857936613475,103.856147505254
1270,209620,1.30837814457984,103.855927786505
1271,209621,1.3085498912656,103.856191163894
1272,209622,1.30835341547578,103.855965597237
1273,209623,1.30852125867176,103.85623484593
1274,209624,1.30832899541277,103.856003726995
1275,209625,1.3084944124549,103.856278912822
1276,209626,1.30830436293294,103.856041797189
1277,209627,1.30846536408353,103.856319955361
1278,209628,1.3082797435927,103.856079760496
1279,209629,1.30843549505149,103.856361932932
1280,209630,1.30825527480485,103.856117742299
1281,209631,1.30840488939987,103.856404287993
1282,209632,1.30823059031405,103.856155811402
1283,209633,1.30837600689078,103.85644725963
1284,209634,1.30820584861037,103.856194114399
1285,209635,1.3081812350141,103.856232309969
1286,209636,1.3081566980641,103.8562703293
1287,209637,1.30813208446817,103.856308361956
1288,209638,1.30834669437077,103.856487614889
1289,209639,1.30810985261116,103.856347579344
1290,209640,1.30831822412869,103.856527726467
1291,209641,1.30828894664864,103.856567717008
1292,209642,1.30825990895723,103.856607789415
1293,209643,1.30823004540731,103.856648460425
1294,209644,1.30820077039232,103.856688087881
1295,209645,1.30914207332134,103.855250937485
1296,209646,1.30873434820578,103.855882374929
1297,209648,1.30942332808166,103.854948900922
1298,209664,1.30516781916415,103.852139180048
1299,209665,1.30516781943789,103.852139179776
1300,209666,1.30516781943789,103.852139179776
1301,209667,1.30516781943789,103.852139179776
1302,209668,1.30516781943789,103.852139179776
1303,209669,1.30516781943789,103.852139179776
1304,209670,1.30516781943789,103.852139179776
1305,209671,1.30500606824514,103.851908826738
1306,209672,1.30516781943789,103.852139179776
1307,209673,1.30497458177816,103.851953528365
1308,209674,1.30508899997586,103.852171653734
1309,209675,1.30494690992087,103.851979252631
1310,209676,1.30506468929316,103.852196092956
1311,209677,1.3049231650311,103.852005694115
1312,209678,1.30506809497131,103.852246531546
1313,209679,1.30489884722026,103.852031828266
1314,209680,1.30504438156597,103.852271925665
1315,209681,1.30487426525646,103.852058013274
1316,209682,1.30501858504353,103.852298503662
1317,209683,1.30484929568558,103.852084319033
1318,209684,1.30499235847442,103.852326651477
1319,209685,1.30496771080237,103.852354056821
1320,209686,1.3049407613345,103.852378185156
1321,209687,1.30491675444161,103.852409411709
1322,209688,1.30488718476308,103.852438535604
1323,209689,1.30485973048294,103.852468917385
1324,209690,1.3048326408179,103.852498890666
1325,209691,1.30480158392625,103.85253073318
1326,209692,1.30476162187013,103.852573396574
1327,209712,1.30716898483852,103.852632940622
1328,209713,1.30688938378673,103.852465297282
1329,209714,1.30722016198049,103.852700015889
1330,209715,1.3068808172678,103.85250695438
1331,209716,1.30723056758985,103.852744945779
1332,209717,1.30686978360413,103.852547165383
1333,209718,1.30721997161804,103.852785576715
1334,209719,1.30686264350956,103.852588401751
1335,209720,1.30721275158875,103.852826899846
1336,209721,1.30685191122184,103.852628964144
1337,209722,1.30720230835555,103.852867922423
1338,209723,1.30684211701427,103.852669795796
1339,209724,1.30721116233744,103.852926358169
1340,209725,1.30683302711881,103.852710902145
1341,209726,1.30717575102217,103.852977039645
1342,209727,1.30682305498284,103.852751815387
1343,209728,1.30716883118511,103.853029729855
1344,209729,1.3068006262719,103.852803268542
1345,209730,1.30715980444006,103.85308043438
1346,209731,1.30682095814524,103.852862602692
1347,209732,1.30715121292442,103.853131763356
1348,209733,1.30681256266593,103.8529089611
1349,209734,1.30714159354335,103.853182731417
1350,209735,1.30679799095054,103.852955122824
1351,209736,1.30678810250909,103.8530041305
1352,209737,1.30677953510117,103.85305323936
1353,209738,1.30676990862246,103.853101970715
1354,209739,1.30713135554385,103.853231307204
1355,209740,1.30676063333806,103.853151218546
1356,209741,1.30712571599502,103.853278424713
1357,209742,1.30675836178255,103.853200677211
1358,209743,1.30711701940843,103.853323943272
1359,209744,1.30675156375183,103.853253392979
1360,209745,1.30675222380407,103.853311628208
1361,209747,1.30710009937196,103.853364913303
1362,209748,1.30676077974191,103.853362419894
1363,209749,1.30710221792007,103.853417013131
1364,209750,1.3067625110448,103.853403730304
1365,209751,1.30709280194565,103.853464403125
1366,209752,1.30676310170474,103.853444671095
1367,209753,1.30708428628534,103.853510891265
1368,209754,1.30707677494814,103.853557656009
1369,209755,1.30706748078561,103.853604631245
1370,209756,1.30711569387487,103.853677338505
1371,209757,1.30679667741991,103.853524367367
1372,209776,1.30516781943789,103.852139179776
1373,209777,1.30516781943789,103.852139179776
1374,209778,1.30527444297304,103.852262283258
1375,209779,1.3052997252974,103.852288631824
1376,209780,1.30532378513707,103.852314055676
1377,209781,1.30535438110766,103.852347962929
1378,209782,1.30553827955707,103.852634792004
1379,209783,1.3064718322993,103.852860612967
1380,209784,1.30633043588497,103.853094888661
1381,209785,1.30650485374879,103.852867331206
1382,209786,1.30638640558583,103.853120641323
1383,209787,1.30653321376798,103.852878093635
1384,209788,1.30643118171176,103.853122770399
1385,209789,1.30656287351798,103.852882884925
1386,209790,1.30647539942483,103.853124594318
1387,209791,1.30659104219891,103.852893499128
1388,209792,1.30651809984227,103.853125639841
1389,209793,1.30661803546145,103.852905263764
1390,209794,1.30655926844978,103.853126721253
1391,209814,1.3067345619676,103.854576119941
1392,209815,1.30676872647574,103.854523744373
1393,209816,1.30680200900155,103.85447298023
1394,209817,1.30683868501703,103.854419470556
1395,209818,1.30687365537554,103.854369017833
1396,209819,1.3069074202142,103.854318433736
1397,209820,1.3069414502995,103.854267802588
1398,209821,1.30697498957997,103.854217244052
1399,209822,1.30701031796535,103.854168205854
1400,209842,1.31076569224231,103.861032154888
1401,209843,1.31055630349019,103.861328231435
1402,209844,1.31079209749433,103.861067674526
1403,209845,1.31082287364957,103.861108907269
1404,209848,1.31099855930995,103.861155186704
1405,209851,1.31080891282444,103.861682440458
1406,209852,1.31109336285834,103.861400792351
1407,209853,1.31089514456206,103.861696363705
1408,209854,1.31087924800926,103.861821440459
1409,209855,1.31092897424193,103.861853369244
1410,209856,1.31095319726696,103.861890288167
1411,209857,1.31117906756237,103.861544462845
1412,209858,1.31096969293284,103.861964195821
1413,209859,1.31122360335519,103.861593402643
1414,209861,1.31125470419461,103.861654642798
1415,209862,1.3113107088823,103.861724528973
1416,209882,1.30590059377834,103.851852187774
1417,209883,1.30567665080111,103.851757763694
1418,209884,1.30584095414608,103.851934312568
1419,209885,1.30564923727694,103.851793349134
1420,209886,1.3056229457515,103.851833282869
1421,209887,1.30559678999851,103.851873009907
1422,209888,1.30557201770692,103.851910638145
1423,209889,1.30554709540741,103.851948492118
1424,209890,1.30552181834539,103.851986885681
1425,209891,1.30549645998316,103.852025403261
1426,209892,1.30547134688788,103.852063546881
1427,209893,1.30544565429273,103.852102571413
1428,209894,1.30550202729198,103.85247850871
1429,209895,1.30542205786948,103.85215149547
1430,209896,1.30547238092709,103.852512894725
1431,209898,1.3054393282531,103.852544109248
1432,209899,1.30540229514292,103.85258633208
1433,209900,1.30526241989516,103.852357900911
1434,209901,1.30536575174164,103.85262838058
1435,209902,1.30524237370268,103.852381530504
1436,209903,1.30532682194679,103.85266899468
1437,209904,1.30522060163412,103.852403789345
1438,209905,1.30529038203723,103.852708201614
1439,209906,1.30519818326183,103.852428666999
1440,209907,1.30527264026577,103.852749028013
1441,209908,1.30517415916369,103.852454593908
1442,209909,1.3052468785419,103.852770534001
1443,209910,1.3051496185215,103.852481784667
1444,209911,1.30521398390428,103.852789470887
1445,209912,1.30512332051923,103.852508215794
1446,209913,1.30518380134324,103.852817319228
1447,209914,1.30509867640869,103.852534977108
1448,209915,1.30515703906162,103.852846916375
1449,209916,1.30507206224142,103.852561779473
1450,209917,1.30512797742087,103.852876756102
1451,209918,1.30504742496923,103.852589114646
1452,209919,1.30504742524296,103.852589114646
1453,209920,1.30502279564454,103.852615213162
1454,209921,1.30502279537079,103.852615213434
1455,209922,1.30499471454512,103.852641539292
1456,209923,1.30499471481886,103.85264153902
1457,209924,1.30568127839609,103.852251898056
1458,209943,1.31397555721185,103.858801720055
1459,209945,1.31207967818035,103.860413854299
1460,209946,1.31402139704148,103.857964230708
1461,209947,1.31378868964032,103.859325383515
1462,209948,1.31384869577518,103.859373453445
1463,209949,1.31390386877171,103.859405809819
1464,209950,1.3139488205823,103.859437957757
1465,209951,1.31398550760197,103.859467449251
1466,209952,1.31402892565828,103.859502232594
1467,209954,1.31437012724792,103.858918904969
1468,209955,1.31291695250751,103.859047068258
1469,209973,1.31073366638406,103.859351287829
1470,209974,1.31032613893907,103.858995574003
